,Model name,R-square,RMSE
0,MLR,0.06492762900220717,3.7160384864466613
1,DTR,0.8607503806832533,1.434017988147334
2,RFR,0.8357731072904504,1.5573266970622752
3,KNNR,0.6853286001105445,2.155689602079735
