,Model name,R-square,RMSE
0,MLR,0.06492762900220717,3.7160384864466613
1,DTR,0.8607503806832533,1.434017988147334
2,RFR,0.8372516773855845,1.5503003725491626
3,KNNR,0.6853286001105445,2.155689602079735
